"TABLE OF CONTENT FOR ""ABSOLUTE ONLY""",,,,
,,,,
Table No,Table title,Base title,Header title,Base size
Table 1,QST1. VISIBILITY OF ADS,Base: All respondents,HEADER A. GENERAL PROFILE,216
Table 2,QST1. VISIBILITY OF ADS,Base: All respondents,HEADER B. LOCALE AND MACROREGION,216
Table 3,QST1. VISIBILITY OF ADS,Base: All respondents,HEADER C. USERSHIP,216
Table 4,QST1. VISIBILITY OF ADS,Base: All respondents,HEADER D. MACROREGION X SEC,216
Table 5,QST1. VISIBILITY OF ADS,Base: All respondents,HEADER A. GENERAL PROFILE - 1 WEEK PERIOD CUTS,216
Table 6,QST1. VISIBILITY OF ADS,Base: All respondents,HEADER B. LOCALE AND MACROREGION - 1 WEEK PERIOD CUTS,216
Table 7,QST1. VISIBILITY OF ADS,Base: All respondents,HEADER C. USERSHIP - 1 WEEK PERIOD CUTS,216
Table 8,QST1. VISIBILITY OF ADS,Base: All respondents,HEADER D. MACROREGION X SEC - 1 WEEK PERIOD CUTS,216
Table 9,QST2. AD VIEWED FREQUENCY,Base: Among aware of ad,HEADER A. GENERAL PROFILE,53
Table 10,QST2. AD VIEWED FREQUENCY,Base: Among aware of ad,HEADER B. LOCALE AND MACROREGION,53
Table 11,QST2. AD VIEWED FREQUENCY,Base: Among aware of ad,HEADER C. USERSHIP,53
Table 12,QST2. AD VIEWED FREQUENCY,Base: Among aware of ad,HEADER D. MACROREGION X SEC,53
Table 13,QST2. AD VIEWED FREQUENCY,Base: Among aware of ad,HEADER A. GENERAL PROFILE - 1 WEEK PERIOD CUTS,53
Table 14,QST2. AD VIEWED FREQUENCY,Base: Among aware of ad,HEADER B. LOCALE AND MACROREGION - 1 WEEK PERIOD CUTS,53
Table 15,QST2. AD VIEWED FREQUENCY,Base: Among aware of ad,HEADER C. USERSHIP - 1 WEEK PERIOD CUTS,53
Table 16,QST2. AD VIEWED FREQUENCY,Base: Among aware of ad,HEADER D. MACROREGION X SEC - 1 WEEK PERIOD CUTS,53
Table 17,QST3. BRAND LINK,Base: Among aware of ad,HEADER A. GENERAL PROFILE,53
Table 18,QST3. BRAND LINK,Base: Among aware of ad,HEADER B. LOCALE AND MACROREGION,53
Table 19,QST3. BRAND LINK,Base: Among aware of ad,HEADER C. USERSHIP,53
Table 20,QST3. BRAND LINK,Base: Among aware of ad,HEADER D. MACROREGION X SEC,53
Table 21,QST3. BRAND LINK,Base: Among aware of ad,HEADER A. GENERAL PROFILE - 1 WEEK PERIOD CUTS,53
Table 22,QST3. BRAND LINK,Base: Among aware of ad,HEADER B. LOCALE AND MACROREGION - 1 WEEK PERIOD CUTS,53
Table 23,QST3. BRAND LINK,Base: Among aware of ad,HEADER C. USERSHIP - 1 WEEK PERIOD CUTS,53
Table 24,QST3. BRAND LINK,Base: Among aware of ad,HEADER D. MACROREGION X SEC - 1 WEEK PERIOD CUTS,53
Table 25,QVAL3. VALIDATION GSTOCKS X HEART,Base: Among aware of ad,HEADER A. GENERAL PROFILE,53
Table 26,QVAL3. VALIDATION GSTOCKS X HEART,Base: Among aware of ad,HEADER B. LOCALE AND MACROREGION,53
Table 27,QVAL3. VALIDATION GSTOCKS X HEART,Base: Among aware of ad,HEADER C. USERSHIP,53
Table 28,QVAL3. VALIDATION GSTOCKS X HEART,Base: Among aware of ad,HEADER D. MACROREGION X SEC,53
Table 29,QVAL3. VALIDATION GSTOCKS X HEART,Base: Among aware of ad,HEADER A. GENERAL PROFILE - 1 WEEK PERIOD CUTS,53
Table 30,QVAL3. VALIDATION GSTOCKS X HEART,Base: Among aware of ad,HEADER B. LOCALE AND MACROREGION - 1 WEEK PERIOD CUTS,53
Table 31,QVAL3. VALIDATION GSTOCKS X HEART,Base: Among aware of ad,HEADER C. USERSHIP - 1 WEEK PERIOD CUTS,53
Table 32,QVAL3. VALIDATION GSTOCKS X HEART,Base: Among aware of ad,HEADER D. MACROREGION X SEC - 1 WEEK PERIOD CUTS,53
Table 33,QST4. SOURCES OF AD AWARENESS,Base: Among aware of ad,HEADER A. GENERAL PROFILE,53
Table 34,QST4. SOURCES OF AD AWARENESS,Base: Among aware of ad,HEADER B. LOCALE AND MACROREGION,53
Table 35,QST4. SOURCES OF AD AWARENESS,Base: Among aware of ad,HEADER C. USERSHIP,53
Table 36,QST4. SOURCES OF AD AWARENESS,Base: Among aware of ad,HEADER D. MACROREGION X SEC,53
Table 37,QST4. SOURCES OF AD AWARENESS,Base: Among aware of ad,HEADER A. GENERAL PROFILE - 1 WEEK PERIOD CUTS,53
Table 38,QST4. SOURCES OF AD AWARENESS,Base: Among aware of ad,HEADER B. LOCALE AND MACROREGION - 1 WEEK PERIOD CUTS,53
Table 39,QST4. SOURCES OF AD AWARENESS,Base: Among aware of ad,HEADER C. USERSHIP - 1 WEEK PERIOD CUTS,53
Table 40,QST4. SOURCES OF AD AWARENESS,Base: Among aware of ad,HEADER D. MACROREGION X SEC - 1 WEEK PERIOD CUTS,53
Table 41,QST5. ABSOLUTE LIKEABILITY,Base: All respondents,HEADER A. GENERAL PROFILE,216
Table 42,QST5. ABSOLUTE LIKEABILITY,Base: All respondents,HEADER B. LOCALE AND MACROREGION,216
Table 43,QST5. ABSOLUTE LIKEABILITY,Base: All respondents,HEADER C. USERSHIP,216
Table 44,QST5. ABSOLUTE LIKEABILITY,Base: All respondents,HEADER D. MACROREGION X SEC,216
Table 45,QST5. ABSOLUTE LIKEABILITY,Base: All respondents,HEADER A. GENERAL PROFILE - 1 WEEK PERIOD CUTS,216
Table 46,QST5. ABSOLUTE LIKEABILITY,Base: All respondents,HEADER B. LOCALE AND MACROREGION - 1 WEEK PERIOD CUTS,216
Table 47,QST5. ABSOLUTE LIKEABILITY,Base: All respondents,HEADER C. USERSHIP - 1 WEEK PERIOD CUTS,216
Table 48,QST5. ABSOLUTE LIKEABILITY,Base: All respondents,HEADER D. MACROREGION X SEC - 1 WEEK PERIOD CUTS,216
Table 49,QST5. ABSOLUTE LIKEABILITY,Base: Among aware of ad,HEADER A. GENERAL PROFILE,53
Table 50,QST5. ABSOLUTE LIKEABILITY,Base: Among aware of ad,HEADER B. LOCALE AND MACROREGION,53
Table 51,QST5. ABSOLUTE LIKEABILITY,Base: Among aware of ad,HEADER C. USERSHIP,53
Table 52,QST5. ABSOLUTE LIKEABILITY,Base: Among aware of ad,HEADER D. MACROREGION X SEC,53
Table 53,QST5. ABSOLUTE LIKEABILITY,Base: Among aware of ad,HEADER A. GENERAL PROFILE - 1 WEEK PERIOD CUTS,53
Table 54,QST5. ABSOLUTE LIKEABILITY,Base: Among aware of ad,HEADER B. LOCALE AND MACROREGION - 1 WEEK PERIOD CUTS,53
Table 55,QST5. ABSOLUTE LIKEABILITY,Base: Among aware of ad,HEADER C. USERSHIP - 1 WEEK PERIOD CUTS,53
Table 56,QST5. ABSOLUTE LIKEABILITY,Base: Among aware of ad,HEADER D. MACROREGION X SEC - 1 WEEK PERIOD CUTS,53
Table 57,QST5. ABSOLUTE LIKEABILITY,Base: Among not aware of ad,HEADER A. GENERAL PROFILE,142
Table 58,QST5. ABSOLUTE LIKEABILITY,Base: Among not aware of ad,HEADER B. LOCALE AND MACROREGION,142
Table 59,QST5. ABSOLUTE LIKEABILITY,Base: Among not aware of ad,HEADER C. USERSHIP,142
Table 60,QST5. ABSOLUTE LIKEABILITY,Base: Among not aware of ad,HEADER D. MACROREGION X SEC,142
Table 61,QST5. ABSOLUTE LIKEABILITY,Base: Among not aware of ad,HEADER A. GENERAL PROFILE - 1 WEEK PERIOD CUTS,142
Table 62,QST5. ABSOLUTE LIKEABILITY,Base: Among not aware of ad,HEADER B. LOCALE AND MACROREGION - 1 WEEK PERIOD CUTS,142
Table 63,QST5. ABSOLUTE LIKEABILITY,Base: Among not aware of ad,HEADER C. USERSHIP - 1 WEEK PERIOD CUTS,142
Table 64,QST5. ABSOLUTE LIKEABILITY,Base: Among not aware of ad,HEADER D. MACROREGION X SEC - 1 WEEK PERIOD CUTS,142
Table 65,QST6. RELATIVE LIKEABILITY,Base: All respondents,HEADER A. GENERAL PROFILE,216
Table 66,QST6. RELATIVE LIKEABILITY,Base: All respondents,HEADER B. LOCALE AND MACROREGION,216
Table 67,QST6. RELATIVE LIKEABILITY,Base: All respondents,HEADER C. USERSHIP,216
Table 68,QST6. RELATIVE LIKEABILITY,Base: All respondents,HEADER D. MACROREGION X SEC,216
Table 69,QST6. RELATIVE LIKEABILITY,Base: All respondents,HEADER A. GENERAL PROFILE - 1 WEEK PERIOD CUTS,216
Table 70,QST6. RELATIVE LIKEABILITY,Base: All respondents,HEADER B. LOCALE AND MACROREGION - 1 WEEK PERIOD CUTS,216
Table 71,QST6. RELATIVE LIKEABILITY,Base: All respondents,HEADER C. USERSHIP - 1 WEEK PERIOD CUTS,216
Table 72,QST6. RELATIVE LIKEABILITY,Base: All respondents,HEADER D. MACROREGION X SEC - 1 WEEK PERIOD CUTS,216
Table 73,QST6. RELATIVE LIKEABILITY,Base: Among aware of ad,HEADER A. GENERAL PROFILE,53
Table 74,QST6. RELATIVE LIKEABILITY,Base: Among aware of ad,HEADER B. LOCALE AND MACROREGION,53
Table 75,QST6. RELATIVE LIKEABILITY,Base: Among aware of ad,HEADER C. USERSHIP,53
Table 76,QST6. RELATIVE LIKEABILITY,Base: Among aware of ad,HEADER D. MACROREGION X SEC,53
Table 77,QST6. RELATIVE LIKEABILITY,Base: Among aware of ad,HEADER A. GENERAL PROFILE - 1 WEEK PERIOD CUTS,53
Table 78,QST6. RELATIVE LIKEABILITY,Base: Among aware of ad,HEADER B. LOCALE AND MACROREGION - 1 WEEK PERIOD CUTS,53
Table 79,QST6. RELATIVE LIKEABILITY,Base: Among aware of ad,HEADER C. USERSHIP - 1 WEEK PERIOD CUTS,53
Table 80,QST6. RELATIVE LIKEABILITY,Base: Among aware of ad,HEADER D. MACROREGION X SEC - 1 WEEK PERIOD CUTS,53
Table 81,QST6. RELATIVE LIKEABILITY,Base: Among not aware of ad,HEADER A. GENERAL PROFILE,142
Table 82,QST6. RELATIVE LIKEABILITY,Base: Among not aware of ad,HEADER B. LOCALE AND MACROREGION,142
Table 83,QST6. RELATIVE LIKEABILITY,Base: Among not aware of ad,HEADER C. USERSHIP,142
Table 84,QST6. RELATIVE LIKEABILITY,Base: Among not aware of ad,HEADER D. MACROREGION X SEC,142
Table 85,QST6. RELATIVE LIKEABILITY,Base: Among not aware of ad,HEADER A. GENERAL PROFILE - 1 WEEK PERIOD CUTS,142
Table 86,QST6. RELATIVE LIKEABILITY,Base: Among not aware of ad,HEADER B. LOCALE AND MACROREGION - 1 WEEK PERIOD CUTS,142
Table 87,QST6. RELATIVE LIKEABILITY,Base: Among not aware of ad,HEADER C. USERSHIP - 1 WEEK PERIOD CUTS,142
Table 88,QST6. RELATIVE LIKEABILITY,Base: Among not aware of ad,HEADER D. MACROREGION X SEC - 1 WEEK PERIOD CUTS,142
Table 89,QST8. PROMPTED COMMUNICATION - KEY MESSAGES,Base: All respondents,HEADER A. GENERAL PROFILE,216
Table 91,QST8. PROMPTED COMMUNICATION - KEY MESSAGES,Base: All respondents,HEADER B. LOCALE AND MACROREGION,216
Table 93,QST8. PROMPTED COMMUNICATION - KEY MESSAGES,Base: All respondents,HEADER C. USERSHIP,216
Table 95,QST8. PROMPTED COMMUNICATION - KEY MESSAGES,Base: All respondents,HEADER D. MACROREGION X SEC,216
Table 97,QST8. PROMPTED COMMUNICATION - KEY MESSAGES,Base: All respondents,HEADER A. GENERAL PROFILE - 1 WEEK PERIOD CUTS,216
Table 99,QST8. PROMPTED COMMUNICATION - KEY MESSAGES,Base: All respondents,HEADER B. LOCALE AND MACROREGION - 1 WEEK PERIOD CUTS,216
Table 101,QST8. PROMPTED COMMUNICATION - KEY MESSAGES,Base: All respondents,HEADER C. USERSHIP - 1 WEEK PERIOD CUTS,216
Table 103,QST8. PROMPTED COMMUNICATION - KEY MESSAGES,Base: All respondents,HEADER D. MACROREGION X SEC - 1 WEEK PERIOD CUTS,216
Table 105,QST8. PROMPTED COMMUNICATION - KEY MESSAGES,Base: Among aware of ad,HEADER A. GENERAL PROFILE,53
Table 107,QST8. PROMPTED COMMUNICATION - KEY MESSAGES,Base: Among aware of ad,HEADER B. LOCALE AND MACROREGION,53
Table 109,QST8. PROMPTED COMMUNICATION - KEY MESSAGES,Base: Among aware of ad,HEADER C. USERSHIP,53
Table 111,QST8. PROMPTED COMMUNICATION - KEY MESSAGES,Base: Among aware of ad,HEADER D. MACROREGION X SEC,53
Table 113,QST8. PROMPTED COMMUNICATION - KEY MESSAGES,Base: Among aware of ad,HEADER A. GENERAL PROFILE - 1 WEEK PERIOD CUTS,53
Table 115,QST8. PROMPTED COMMUNICATION - KEY MESSAGES,Base: Among aware of ad,HEADER B. LOCALE AND MACROREGION - 1 WEEK PERIOD CUTS,53
Table 117,QST8. PROMPTED COMMUNICATION - KEY MESSAGES,Base: Among aware of ad,HEADER C. USERSHIP - 1 WEEK PERIOD CUTS,53
Table 119,QST8. PROMPTED COMMUNICATION - KEY MESSAGES,Base: Among aware of ad,HEADER D. MACROREGION X SEC - 1 WEEK PERIOD CUTS,53
Table 121,QST8. PROMPTED COMMUNICATION - KEY MESSAGES,Base: Among not aware of ad,HEADER A. GENERAL PROFILE,142
Table 123,QST8. PROMPTED COMMUNICATION - KEY MESSAGES,Base: Among not aware of ad,HEADER B. LOCALE AND MACROREGION,142
Table 125,QST8. PROMPTED COMMUNICATION - KEY MESSAGES,Base: Among not aware of ad,HEADER C. USERSHIP,142
Table 127,QST8. PROMPTED COMMUNICATION - KEY MESSAGES,Base: Among not aware of ad,HEADER D. MACROREGION X SEC,142
Table 129,QST8. PROMPTED COMMUNICATION - KEY MESSAGES,Base: Among not aware of ad,HEADER A. GENERAL PROFILE - 1 WEEK PERIOD CUTS,142
Table 131,QST8. PROMPTED COMMUNICATION - KEY MESSAGES,Base: Among not aware of ad,HEADER B. LOCALE AND MACROREGION - 1 WEEK PERIOD CUTS,142
Table 133,QST8. PROMPTED COMMUNICATION - KEY MESSAGES,Base: Among not aware of ad,HEADER C. USERSHIP - 1 WEEK PERIOD CUTS,142
Table 135,QST8. PROMPTED COMMUNICATION - KEY MESSAGES,Base: Among not aware of ad,HEADER D. MACROREGION X SEC - 1 WEEK PERIOD CUTS,142
Table 137,QST8. PROMPTED COMMUNICATION - KEY MESSAGES - TB,Base: All respondents,HEADER A. GENERAL PROFILE,216
Table 138,QST8. PROMPTED COMMUNICATION - KEY MESSAGES - TB,Base: All respondents,HEADER B. LOCALE AND MACROREGION,216
Table 139,QST8. PROMPTED COMMUNICATION - KEY MESSAGES - TB,Base: All respondents,HEADER C. USERSHIP,216
Table 140,QST8. PROMPTED COMMUNICATION - KEY MESSAGES - TB,Base: All respondents,HEADER D. MACROREGION X SEC,216
Table 141,QST8. PROMPTED COMMUNICATION - KEY MESSAGES - TB,Base: All respondents,HEADER A. GENERAL PROFILE - 1 WEEK PERIOD CUTS,216
Table 142,QST8. PROMPTED COMMUNICATION - KEY MESSAGES - TB,Base: All respondents,HEADER B. LOCALE AND MACROREGION - 1 WEEK PERIOD CUTS,216
Table 143,QST8. PROMPTED COMMUNICATION - KEY MESSAGES - TB,Base: All respondents,HEADER C. USERSHIP - 1 WEEK PERIOD CUTS,216
Table 144,QST8. PROMPTED COMMUNICATION - KEY MESSAGES - TB,Base: All respondents,HEADER D. MACROREGION X SEC - 1 WEEK PERIOD CUTS,216
Table 145,QST8. PROMPTED COMMUNICATION - KEY MESSAGES - TB,Base: Among aware of ad,HEADER A. GENERAL PROFILE,53
Table 146,QST8. PROMPTED COMMUNICATION - KEY MESSAGES - TB,Base: Among aware of ad,HEADER B. LOCALE AND MACROREGION,53
Table 147,QST8. PROMPTED COMMUNICATION - KEY MESSAGES - TB,Base: Among aware of ad,HEADER C. USERSHIP,53
Table 148,QST8. PROMPTED COMMUNICATION - KEY MESSAGES - TB,Base: Among aware of ad,HEADER D. MACROREGION X SEC,53
Table 149,QST8. PROMPTED COMMUNICATION - KEY MESSAGES - TB,Base: Among aware of ad,HEADER A. GENERAL PROFILE - 1 WEEK PERIOD CUTS,53
Table 150,QST8. PROMPTED COMMUNICATION - KEY MESSAGES - TB,Base: Among aware of ad,HEADER B. LOCALE AND MACROREGION - 1 WEEK PERIOD CUTS,53
Table 151,QST8. PROMPTED COMMUNICATION - KEY MESSAGES - TB,Base: Among aware of ad,HEADER C. USERSHIP - 1 WEEK PERIOD CUTS,53
Table 152,QST8. PROMPTED COMMUNICATION - KEY MESSAGES - TB,Base: Among aware of ad,HEADER D. MACROREGION X SEC - 1 WEEK PERIOD CUTS,53
Table 153,QST8. PROMPTED COMMUNICATION - KEY MESSAGES - TB,Base: Among not aware of ad,HEADER A. GENERAL PROFILE,142
Table 154,QST8. PROMPTED COMMUNICATION - KEY MESSAGES - TB,Base: Among not aware of ad,HEADER B. LOCALE AND MACROREGION,142
Table 155,QST8. PROMPTED COMMUNICATION - KEY MESSAGES - TB,Base: Among not aware of ad,HEADER C. USERSHIP,142
Table 156,QST8. PROMPTED COMMUNICATION - KEY MESSAGES - TB,Base: Among not aware of ad,HEADER D. MACROREGION X SEC,142
Table 157,QST8. PROMPTED COMMUNICATION - KEY MESSAGES - TB,Base: Among not aware of ad,HEADER A. GENERAL PROFILE - 1 WEEK PERIOD CUTS,142
Table 158,QST8. PROMPTED COMMUNICATION - KEY MESSAGES - TB,Base: Among not aware of ad,HEADER B. LOCALE AND MACROREGION - 1 WEEK PERIOD CUTS,142
Table 159,QST8. PROMPTED COMMUNICATION - KEY MESSAGES - TB,Base: Among not aware of ad,HEADER C. USERSHIP - 1 WEEK PERIOD CUTS,142
Table 160,QST8. PROMPTED COMMUNICATION - KEY MESSAGES - TB,Base: Among not aware of ad,HEADER D. MACROREGION X SEC - 1 WEEK PERIOD CUTS,142
Table 161,QST8. PROMPTED COMMUNICATION - KEY MESSAGES - T2B,Base: All respondents,HEADER A. GENERAL PROFILE,216
Table 162,QST8. PROMPTED COMMUNICATION - KEY MESSAGES - T2B,Base: All respondents,HEADER B. LOCALE AND MACROREGION,216
Table 163,QST8. PROMPTED COMMUNICATION - KEY MESSAGES - T2B,Base: All respondents,HEADER C. USERSHIP,216
Table 164,QST8. PROMPTED COMMUNICATION - KEY MESSAGES - T2B,Base: All respondents,HEADER D. MACROREGION X SEC,216
Table 165,QST8. PROMPTED COMMUNICATION - KEY MESSAGES - T2B,Base: All respondents,HEADER A. GENERAL PROFILE - 1 WEEK PERIOD CUTS,216
Table 166,QST8. PROMPTED COMMUNICATION - KEY MESSAGES - T2B,Base: All respondents,HEADER B. LOCALE AND MACROREGION - 1 WEEK PERIOD CUTS,216
Table 167,QST8. PROMPTED COMMUNICATION - KEY MESSAGES - T2B,Base: All respondents,HEADER C. USERSHIP - 1 WEEK PERIOD CUTS,216
Table 168,QST8. PROMPTED COMMUNICATION - KEY MESSAGES - T2B,Base: All respondents,HEADER D. MACROREGION X SEC - 1 WEEK PERIOD CUTS,216
Table 169,QST8. PROMPTED COMMUNICATION - KEY MESSAGES - T2B,Base: Among aware of ad,HEADER A. GENERAL PROFILE,53
Table 170,QST8. PROMPTED COMMUNICATION - KEY MESSAGES - T2B,Base: Among aware of ad,HEADER B. LOCALE AND MACROREGION,53
Table 171,QST8. PROMPTED COMMUNICATION - KEY MESSAGES - T2B,Base: Among aware of ad,HEADER C. USERSHIP,53
Table 172,QST8. PROMPTED COMMUNICATION - KEY MESSAGES - T2B,Base: Among aware of ad,HEADER D. MACROREGION X SEC,53
Table 173,QST8. PROMPTED COMMUNICATION - KEY MESSAGES - T2B,Base: Among aware of ad,HEADER A. GENERAL PROFILE - 1 WEEK PERIOD CUTS,53
Table 174,QST8. PROMPTED COMMUNICATION - KEY MESSAGES - T2B,Base: Among aware of ad,HEADER B. LOCALE AND MACROREGION - 1 WEEK PERIOD CUTS,53
Table 175,QST8. PROMPTED COMMUNICATION - KEY MESSAGES - T2B,Base: Among aware of ad,HEADER C. USERSHIP - 1 WEEK PERIOD CUTS,53
Table 176,QST8. PROMPTED COMMUNICATION - KEY MESSAGES - T2B,Base: Among aware of ad,HEADER D. MACROREGION X SEC - 1 WEEK PERIOD CUTS,53
Table 177,QST8. PROMPTED COMMUNICATION - KEY MESSAGES - T2B,Base: Among not aware of ad,HEADER A. GENERAL PROFILE,142
Table 178,QST8. PROMPTED COMMUNICATION - KEY MESSAGES - T2B,Base: Among not aware of ad,HEADER B. LOCALE AND MACROREGION,142
Table 179,QST8. PROMPTED COMMUNICATION - KEY MESSAGES - T2B,Base: Among not aware of ad,HEADER C. USERSHIP,142
Table 180,QST8. PROMPTED COMMUNICATION - KEY MESSAGES - T2B,Base: Among not aware of ad,HEADER D. MACROREGION X SEC,142
Table 181,QST8. PROMPTED COMMUNICATION - KEY MESSAGES - T2B,Base: Among not aware of ad,HEADER A. GENERAL PROFILE - 1 WEEK PERIOD CUTS,142
Table 182,QST8. PROMPTED COMMUNICATION - KEY MESSAGES - T2B,Base: Among not aware of ad,HEADER B. LOCALE AND MACROREGION - 1 WEEK PERIOD CUTS,142
Table 183,QST8. PROMPTED COMMUNICATION - KEY MESSAGES - T2B,Base: Among not aware of ad,HEADER C. USERSHIP - 1 WEEK PERIOD CUTS,142
Table 184,QST8. PROMPTED COMMUNICATION - KEY MESSAGES - T2B,Base: Among not aware of ad,HEADER D. MACROREGION X SEC - 1 WEEK PERIOD CUTS,142
Table 185,QST9. COMPREHENSION/ RELEVANCE/ UNIQUENESS/ PERSUASION/ USE MORE/ WEAR OUT,Base: All respondents,HEADER A. GENERAL PROFILE,216
Table 191,QST9. COMPREHENSION/ RELEVANCE/ UNIQUENESS/ PERSUASION/ USE MORE/ WEAR OUT,Base: All respondents,HEADER B. LOCALE AND MACROREGION,216
Table 197,QST9. COMPREHENSION/ RELEVANCE/ UNIQUENESS/ PERSUASION/ USE MORE/ WEAR OUT,Base: All respondents,HEADER C. USERSHIP,216
Table 203,QST9. COMPREHENSION/ RELEVANCE/ UNIQUENESS/ PERSUASION/ USE MORE/ WEAR OUT,Base: All respondents,HEADER D. MACROREGION X SEC,216
Table 209,QST9. COMPREHENSION/ RELEVANCE/ UNIQUENESS/ PERSUASION/ USE MORE/ WEAR OUT,Base: All respondents,HEADER A. GENERAL PROFILE - 1 WEEK PERIOD CUTS,216
Table 215,QST9. COMPREHENSION/ RELEVANCE/ UNIQUENESS/ PERSUASION/ USE MORE/ WEAR OUT,Base: All respondents,HEADER B. LOCALE AND MACROREGION - 1 WEEK PERIOD CUTS,216
Table 221,QST9. COMPREHENSION/ RELEVANCE/ UNIQUENESS/ PERSUASION/ USE MORE/ WEAR OUT,Base: All respondents,HEADER C. USERSHIP - 1 WEEK PERIOD CUTS,216
Table 227,QST9. COMPREHENSION/ RELEVANCE/ UNIQUENESS/ PERSUASION/ USE MORE/ WEAR OUT,Base: All respondents,HEADER D. MACROREGION X SEC - 1 WEEK PERIOD CUTS,216
Table 233,QST9. COMPREHENSION/ RELEVANCE/ UNIQUENESS/ PERSUASION/ USE MORE/ WEAR OUT,Base: Among aware of ad,HEADER A. GENERAL PROFILE,53
Table 239,QST9. COMPREHENSION/ RELEVANCE/ UNIQUENESS/ PERSUASION/ USE MORE/ WEAR OUT,Base: Among aware of ad,HEADER B. LOCALE AND MACROREGION,53
Table 245,QST9. COMPREHENSION/ RELEVANCE/ UNIQUENESS/ PERSUASION/ USE MORE/ WEAR OUT,Base: Among aware of ad,HEADER C. USERSHIP,53
Table 251,QST9. COMPREHENSION/ RELEVANCE/ UNIQUENESS/ PERSUASION/ USE MORE/ WEAR OUT,Base: Among aware of ad,HEADER D. MACROREGION X SEC,53
Table 257,QST9. COMPREHENSION/ RELEVANCE/ UNIQUENESS/ PERSUASION/ USE MORE/ WEAR OUT,Base: Among aware of ad,HEADER A. GENERAL PROFILE - 1 WEEK PERIOD CUTS,53
Table 263,QST9. COMPREHENSION/ RELEVANCE/ UNIQUENESS/ PERSUASION/ USE MORE/ WEAR OUT,Base: Among aware of ad,HEADER B. LOCALE AND MACROREGION - 1 WEEK PERIOD CUTS,53
Table 269,QST9. COMPREHENSION/ RELEVANCE/ UNIQUENESS/ PERSUASION/ USE MORE/ WEAR OUT,Base: Among aware of ad,HEADER C. USERSHIP - 1 WEEK PERIOD CUTS,53
Table 275,QST9. COMPREHENSION/ RELEVANCE/ UNIQUENESS/ PERSUASION/ USE MORE/ WEAR OUT,Base: Among aware of ad,HEADER D. MACROREGION X SEC - 1 WEEK PERIOD CUTS,53
Table 281,QST9. COMPREHENSION/ RELEVANCE/ UNIQUENESS/ PERSUASION/ USE MORE/ WEAR OUT,Base: Among not aware of ad,HEADER A. GENERAL PROFILE,142
Table 287,QST9. COMPREHENSION/ RELEVANCE/ UNIQUENESS/ PERSUASION/ USE MORE/ WEAR OUT,Base: Among not aware of ad,HEADER B. LOCALE AND MACROREGION,142
Table 293,QST9. COMPREHENSION/ RELEVANCE/ UNIQUENESS/ PERSUASION/ USE MORE/ WEAR OUT,Base: Among not aware of ad,HEADER C. USERSHIP,142
Table 299,QST9. COMPREHENSION/ RELEVANCE/ UNIQUENESS/ PERSUASION/ USE MORE/ WEAR OUT,Base: Among not aware of ad,HEADER D. MACROREGION X SEC,142
Table 305,QST9. COMPREHENSION/ RELEVANCE/ UNIQUENESS/ PERSUASION/ USE MORE/ WEAR OUT,Base: Among not aware of ad,HEADER A. GENERAL PROFILE - 1 WEEK PERIOD CUTS,142
Table 311,QST9. COMPREHENSION/ RELEVANCE/ UNIQUENESS/ PERSUASION/ USE MORE/ WEAR OUT,Base: Among not aware of ad,HEADER B. LOCALE AND MACROREGION - 1 WEEK PERIOD CUTS,142
Table 317,QST9. COMPREHENSION/ RELEVANCE/ UNIQUENESS/ PERSUASION/ USE MORE/ WEAR OUT,Base: Among not aware of ad,HEADER C. USERSHIP - 1 WEEK PERIOD CUTS,142
Table 323,QST9. COMPREHENSION/ RELEVANCE/ UNIQUENESS/ PERSUASION/ USE MORE/ WEAR OUT,Base: Among not aware of ad,HEADER D. MACROREGION X SEC - 1 WEEK PERIOD CUTS,142
Table 329,QST9. COMPREHENSION/ RELEVANCE/ UNIQUENESS/ PERSUASION/ USE MORE/ WEAR OUT - TB,Base: All respondents,HEADER A. GENERAL PROFILE,216
Table 330,QST9. COMPREHENSION/ RELEVANCE/ UNIQUENESS/ PERSUASION/ USE MORE/ WEAR OUT - TB,Base: All respondents,HEADER B. LOCALE AND MACROREGION,216
Table 331,QST9. COMPREHENSION/ RELEVANCE/ UNIQUENESS/ PERSUASION/ USE MORE/ WEAR OUT - TB,Base: All respondents,HEADER C. USERSHIP,216
Table 332,QST9. COMPREHENSION/ RELEVANCE/ UNIQUENESS/ PERSUASION/ USE MORE/ WEAR OUT - TB,Base: All respondents,HEADER D. MACROREGION X SEC,216
Table 333,QST9. COMPREHENSION/ RELEVANCE/ UNIQUENESS/ PERSUASION/ USE MORE/ WEAR OUT - TB,Base: All respondents,HEADER A. GENERAL PROFILE - 1 WEEK PERIOD CUTS,216
Table 334,QST9. COMPREHENSION/ RELEVANCE/ UNIQUENESS/ PERSUASION/ USE MORE/ WEAR OUT - TB,Base: All respondents,HEADER B. LOCALE AND MACROREGION - 1 WEEK PERIOD CUTS,216
Table 335,QST9. COMPREHENSION/ RELEVANCE/ UNIQUENESS/ PERSUASION/ USE MORE/ WEAR OUT - TB,Base: All respondents,HEADER C. USERSHIP - 1 WEEK PERIOD CUTS,216
Table 336,QST9. COMPREHENSION/ RELEVANCE/ UNIQUENESS/ PERSUASION/ USE MORE/ WEAR OUT - TB,Base: All respondents,HEADER D. MACROREGION X SEC - 1 WEEK PERIOD CUTS,216
Table 337,QST9. COMPREHENSION/ RELEVANCE/ UNIQUENESS/ PERSUASION/ USE MORE/ WEAR OUT - TB,Base: Among aware of ad,HEADER A. GENERAL PROFILE,53
Table 338,QST9. COMPREHENSION/ RELEVANCE/ UNIQUENESS/ PERSUASION/ USE MORE/ WEAR OUT - TB,Base: Among aware of ad,HEADER B. LOCALE AND MACROREGION,53
Table 339,QST9. COMPREHENSION/ RELEVANCE/ UNIQUENESS/ PERSUASION/ USE MORE/ WEAR OUT - TB,Base: Among aware of ad,HEADER C. USERSHIP,53
Table 340,QST9. COMPREHENSION/ RELEVANCE/ UNIQUENESS/ PERSUASION/ USE MORE/ WEAR OUT - TB,Base: Among aware of ad,HEADER D. MACROREGION X SEC,53
Table 341,QST9. COMPREHENSION/ RELEVANCE/ UNIQUENESS/ PERSUASION/ USE MORE/ WEAR OUT - TB,Base: Among aware of ad,HEADER A. GENERAL PROFILE - 1 WEEK PERIOD CUTS,53
Table 342,QST9. COMPREHENSION/ RELEVANCE/ UNIQUENESS/ PERSUASION/ USE MORE/ WEAR OUT - TB,Base: Among aware of ad,HEADER B. LOCALE AND MACROREGION - 1 WEEK PERIOD CUTS,53
Table 343,QST9. COMPREHENSION/ RELEVANCE/ UNIQUENESS/ PERSUASION/ USE MORE/ WEAR OUT - TB,Base: Among aware of ad,HEADER C. USERSHIP - 1 WEEK PERIOD CUTS,53
Table 344,QST9. COMPREHENSION/ RELEVANCE/ UNIQUENESS/ PERSUASION/ USE MORE/ WEAR OUT - TB,Base: Among aware of ad,HEADER D. MACROREGION X SEC - 1 WEEK PERIOD CUTS,53
Table 345,QST9. COMPREHENSION/ RELEVANCE/ UNIQUENESS/ PERSUASION/ USE MORE/ WEAR OUT - TB,Base: Among not aware of ad,HEADER A. GENERAL PROFILE,142
Table 346,QST9. COMPREHENSION/ RELEVANCE/ UNIQUENESS/ PERSUASION/ USE MORE/ WEAR OUT - TB,Base: Among not aware of ad,HEADER B. LOCALE AND MACROREGION,142
Table 347,QST9. COMPREHENSION/ RELEVANCE/ UNIQUENESS/ PERSUASION/ USE MORE/ WEAR OUT - TB,Base: Among not aware of ad,HEADER C. USERSHIP,142
Table 348,QST9. COMPREHENSION/ RELEVANCE/ UNIQUENESS/ PERSUASION/ USE MORE/ WEAR OUT - TB,Base: Among not aware of ad,HEADER D. MACROREGION X SEC,142
Table 349,QST9. COMPREHENSION/ RELEVANCE/ UNIQUENESS/ PERSUASION/ USE MORE/ WEAR OUT - TB,Base: Among not aware of ad,HEADER A. GENERAL PROFILE - 1 WEEK PERIOD CUTS,142
Table 350,QST9. COMPREHENSION/ RELEVANCE/ UNIQUENESS/ PERSUASION/ USE MORE/ WEAR OUT - TB,Base: Among not aware of ad,HEADER B. LOCALE AND MACROREGION - 1 WEEK PERIOD CUTS,142
Table 351,QST9. COMPREHENSION/ RELEVANCE/ UNIQUENESS/ PERSUASION/ USE MORE/ WEAR OUT - TB,Base: Among not aware of ad,HEADER C. USERSHIP - 1 WEEK PERIOD CUTS,142
Table 352,QST9. COMPREHENSION/ RELEVANCE/ UNIQUENESS/ PERSUASION/ USE MORE/ WEAR OUT - TB,Base: Among not aware of ad,HEADER D. MACROREGION X SEC - 1 WEEK PERIOD CUTS,142
Table 353,QST9. COMPREHENSION/ RELEVANCE/ UNIQUENESS/ PERSUASION/ USE MORE/ WEAR OUT - T2B,Base: All respondents,HEADER A. GENERAL PROFILE,216
Table 354,QST9. COMPREHENSION/ RELEVANCE/ UNIQUENESS/ PERSUASION/ USE MORE/ WEAR OUT - T2B,Base: All respondents,HEADER B. LOCALE AND MACROREGION,216
Table 355,QST9. COMPREHENSION/ RELEVANCE/ UNIQUENESS/ PERSUASION/ USE MORE/ WEAR OUT - T2B,Base: All respondents,HEADER C. USERSHIP,216
Table 356,QST9. COMPREHENSION/ RELEVANCE/ UNIQUENESS/ PERSUASION/ USE MORE/ WEAR OUT - T2B,Base: All respondents,HEADER D. MACROREGION X SEC,216
Table 357,QST9. COMPREHENSION/ RELEVANCE/ UNIQUENESS/ PERSUASION/ USE MORE/ WEAR OUT - T2B,Base: All respondents,HEADER A. GENERAL PROFILE - 1 WEEK PERIOD CUTS,216
Table 358,QST9. COMPREHENSION/ RELEVANCE/ UNIQUENESS/ PERSUASION/ USE MORE/ WEAR OUT - T2B,Base: All respondents,HEADER B. LOCALE AND MACROREGION - 1 WEEK PERIOD CUTS,216
Table 359,QST9. COMPREHENSION/ RELEVANCE/ UNIQUENESS/ PERSUASION/ USE MORE/ WEAR OUT - T2B,Base: All respondents,HEADER C. USERSHIP - 1 WEEK PERIOD CUTS,216
Table 360,QST9. COMPREHENSION/ RELEVANCE/ UNIQUENESS/ PERSUASION/ USE MORE/ WEAR OUT - T2B,Base: All respondents,HEADER D. MACROREGION X SEC - 1 WEEK PERIOD CUTS,216
Table 361,QST9. COMPREHENSION/ RELEVANCE/ UNIQUENESS/ PERSUASION/ USE MORE/ WEAR OUT - T2B,Base: Among aware of ad,HEADER A. GENERAL PROFILE,53
Table 362,QST9. COMPREHENSION/ RELEVANCE/ UNIQUENESS/ PERSUASION/ USE MORE/ WEAR OUT - T2B,Base: Among aware of ad,HEADER B. LOCALE AND MACROREGION,53
Table 363,QST9. COMPREHENSION/ RELEVANCE/ UNIQUENESS/ PERSUASION/ USE MORE/ WEAR OUT - T2B,Base: Among aware of ad,HEADER C. USERSHIP,53
Table 364,QST9. COMPREHENSION/ RELEVANCE/ UNIQUENESS/ PERSUASION/ USE MORE/ WEAR OUT - T2B,Base: Among aware of ad,HEADER D. MACROREGION X SEC,53
Table 365,QST9. COMPREHENSION/ RELEVANCE/ UNIQUENESS/ PERSUASION/ USE MORE/ WEAR OUT - T2B,Base: Among aware of ad,HEADER A. GENERAL PROFILE - 1 WEEK PERIOD CUTS,53
Table 366,QST9. COMPREHENSION/ RELEVANCE/ UNIQUENESS/ PERSUASION/ USE MORE/ WEAR OUT - T2B,Base: Among aware of ad,HEADER B. LOCALE AND MACROREGION - 1 WEEK PERIOD CUTS,53
Table 367,QST9. COMPREHENSION/ RELEVANCE/ UNIQUENESS/ PERSUASION/ USE MORE/ WEAR OUT - T2B,Base: Among aware of ad,HEADER C. USERSHIP - 1 WEEK PERIOD CUTS,53
Table 368,QST9. COMPREHENSION/ RELEVANCE/ UNIQUENESS/ PERSUASION/ USE MORE/ WEAR OUT - T2B,Base: Among aware of ad,HEADER D. MACROREGION X SEC - 1 WEEK PERIOD CUTS,53
Table 369,QST9. COMPREHENSION/ RELEVANCE/ UNIQUENESS/ PERSUASION/ USE MORE/ WEAR OUT - T2B,Base: Among not aware of ad,HEADER A. GENERAL PROFILE,142
Table 370,QST9. COMPREHENSION/ RELEVANCE/ UNIQUENESS/ PERSUASION/ USE MORE/ WEAR OUT - T2B,Base: Among not aware of ad,HEADER B. LOCALE AND MACROREGION,142
Table 371,QST9. COMPREHENSION/ RELEVANCE/ UNIQUENESS/ PERSUASION/ USE MORE/ WEAR OUT - T2B,Base: Among not aware of ad,HEADER C. USERSHIP,142
Table 372,QST9. COMPREHENSION/ RELEVANCE/ UNIQUENESS/ PERSUASION/ USE MORE/ WEAR OUT - T2B,Base: Among not aware of ad,HEADER D. MACROREGION X SEC,142
Table 373,QST9. COMPREHENSION/ RELEVANCE/ UNIQUENESS/ PERSUASION/ USE MORE/ WEAR OUT - T2B,Base: Among not aware of ad,HEADER A. GENERAL PROFILE - 1 WEEK PERIOD CUTS,142
Table 374,QST9. COMPREHENSION/ RELEVANCE/ UNIQUENESS/ PERSUASION/ USE MORE/ WEAR OUT - T2B,Base: Among not aware of ad,HEADER B. LOCALE AND MACROREGION - 1 WEEK PERIOD CUTS,142
Table 375,QST9. COMPREHENSION/ RELEVANCE/ UNIQUENESS/ PERSUASION/ USE MORE/ WEAR OUT - T2B,Base: Among not aware of ad,HEADER C. USERSHIP - 1 WEEK PERIOD CUTS,142
Table 376,QST9. COMPREHENSION/ RELEVANCE/ UNIQUENESS/ PERSUASION/ USE MORE/ WEAR OUT - T2B,Base: Among not aware of ad,HEADER D. MACROREGION X SEC - 1 WEEK PERIOD CUTS,142
Table 377,QST10. PERSUASION SCALE,Base: All respondents,HEADER A. GENERAL PROFILE,216
Table 378,QST10. PERSUASION SCALE,Base: All respondents,HEADER B. LOCALE AND MACROREGION,216
Table 379,QST10. PERSUASION SCALE,Base: All respondents,HEADER C. USERSHIP,216
Table 380,QST10. PERSUASION SCALE,Base: All respondents,HEADER D. MACROREGION X SEC,216
Table 381,QST10. PERSUASION SCALE,Base: All respondents,HEADER A. GENERAL PROFILE - 1 WEEK PERIOD CUTS,216
Table 382,QST10. PERSUASION SCALE,Base: All respondents,HEADER B. LOCALE AND MACROREGION - 1 WEEK PERIOD CUTS,216
Table 383,QST10. PERSUASION SCALE,Base: All respondents,HEADER C. USERSHIP - 1 WEEK PERIOD CUTS,216
Table 384,QST10. PERSUASION SCALE,Base: All respondents,HEADER D. MACROREGION X SEC - 1 WEEK PERIOD CUTS,216
Table 385,QST10. PERSUASION SCALE,Base: Among aware of ad,HEADER A. GENERAL PROFILE,53
Table 386,QST10. PERSUASION SCALE,Base: Among aware of ad,HEADER B. LOCALE AND MACROREGION,53
Table 387,QST10. PERSUASION SCALE,Base: Among aware of ad,HEADER C. USERSHIP,53
Table 388,QST10. PERSUASION SCALE,Base: Among aware of ad,HEADER D. MACROREGION X SEC,53
Table 389,QST10. PERSUASION SCALE,Base: Among aware of ad,HEADER A. GENERAL PROFILE - 1 WEEK PERIOD CUTS,53
Table 390,QST10. PERSUASION SCALE,Base: Among aware of ad,HEADER B. LOCALE AND MACROREGION - 1 WEEK PERIOD CUTS,53
Table 391,QST10. PERSUASION SCALE,Base: Among aware of ad,HEADER C. USERSHIP - 1 WEEK PERIOD CUTS,53
Table 392,QST10. PERSUASION SCALE,Base: Among aware of ad,HEADER D. MACROREGION X SEC - 1 WEEK PERIOD CUTS,53
Table 393,QST10. PERSUASION SCALE,Base: Among not aware of ad,HEADER A. GENERAL PROFILE,142
Table 394,QST10. PERSUASION SCALE,Base: Among not aware of ad,HEADER B. LOCALE AND MACROREGION,142
Table 395,QST10. PERSUASION SCALE,Base: Among not aware of ad,HEADER C. USERSHIP,142
Table 396,QST10. PERSUASION SCALE,Base: Among not aware of ad,HEADER D. MACROREGION X SEC,142
Table 397,QST10. PERSUASION SCALE,Base: Among not aware of ad,HEADER A. GENERAL PROFILE - 1 WEEK PERIOD CUTS,142
Table 398,QST10. PERSUASION SCALE,Base: Among not aware of ad,HEADER B. LOCALE AND MACROREGION - 1 WEEK PERIOD CUTS,142
Table 399,QST10. PERSUASION SCALE,Base: Among not aware of ad,HEADER C. USERSHIP - 1 WEEK PERIOD CUTS,142
Table 400,QST10. PERSUASION SCALE,Base: Among not aware of ad,HEADER D. MACROREGION X SEC - 1 WEEK PERIOD CUTS,142
Table 401,QST11. ACTION AFTER AD,Base: All respondents,HEADER A. GENERAL PROFILE,216
Table 407,QST11. ACTION AFTER AD,Base: All respondents,HEADER B. LOCALE AND MACROREGION,216
Table 413,QST11. ACTION AFTER AD,Base: All respondents,HEADER C. USERSHIP,216
Table 419,QST11. ACTION AFTER AD,Base: All respondents,HEADER D. MACROREGION X SEC,216
Table 425,QST11. ACTION AFTER AD,Base: All respondents,HEADER A. GENERAL PROFILE - 1 WEEK PERIOD CUTS,216
Table 431,QST11. ACTION AFTER AD,Base: All respondents,HEADER B. LOCALE AND MACROREGION - 1 WEEK PERIOD CUTS,216
Table 437,QST11. ACTION AFTER AD,Base: All respondents,HEADER C. USERSHIP - 1 WEEK PERIOD CUTS,216
Table 443,QST11. ACTION AFTER AD,Base: All respondents,HEADER D. MACROREGION X SEC - 1 WEEK PERIOD CUTS,216
Table 449,QST11. ACTION AFTER AD,Base: Among aware of ad,HEADER A. GENERAL PROFILE,53
Table 455,QST11. ACTION AFTER AD,Base: Among aware of ad,HEADER B. LOCALE AND MACROREGION,53
Table 461,QST11. ACTION AFTER AD,Base: Among aware of ad,HEADER C. USERSHIP,53
Table 467,QST11. ACTION AFTER AD,Base: Among aware of ad,HEADER D. MACROREGION X SEC,53
Table 473,QST11. ACTION AFTER AD,Base: Among aware of ad,HEADER A. GENERAL PROFILE - 1 WEEK PERIOD CUTS,53
Table 479,QST11. ACTION AFTER AD,Base: Among aware of ad,HEADER B. LOCALE AND MACROREGION - 1 WEEK PERIOD CUTS,53
Table 485,QST11. ACTION AFTER AD,Base: Among aware of ad,HEADER C. USERSHIP - 1 WEEK PERIOD CUTS,53
Table 491,QST11. ACTION AFTER AD,Base: Among aware of ad,HEADER D. MACROREGION X SEC - 1 WEEK PERIOD CUTS,53
Table 497,QST11. ACTION AFTER AD,Base: Among not aware of ad,HEADER A. GENERAL PROFILE,142
Table 503,QST11. ACTION AFTER AD,Base: Among not aware of ad,HEADER B. LOCALE AND MACROREGION,142
Table 509,QST11. ACTION AFTER AD,Base: Among not aware of ad,HEADER C. USERSHIP,142
Table 515,QST11. ACTION AFTER AD,Base: Among not aware of ad,HEADER D. MACROREGION X SEC,142
Table 521,QST11. ACTION AFTER AD,Base: Among not aware of ad,HEADER A. GENERAL PROFILE - 1 WEEK PERIOD CUTS,142
Table 527,QST11. ACTION AFTER AD,Base: Among not aware of ad,HEADER B. LOCALE AND MACROREGION - 1 WEEK PERIOD CUTS,142
Table 533,QST11. ACTION AFTER AD,Base: Among not aware of ad,HEADER C. USERSHIP - 1 WEEK PERIOD CUTS,142
Table 539,QST11. ACTION AFTER AD,Base: Among not aware of ad,HEADER D. MACROREGION X SEC - 1 WEEK PERIOD CUTS,142
Table 545,QST11. ACTION AFTER AD - TB,Base: All respondents,HEADER A. GENERAL PROFILE,216
Table 546,QST11. ACTION AFTER AD - TB,Base: All respondents,HEADER B. LOCALE AND MACROREGION,216
Table 547,QST11. ACTION AFTER AD - TB,Base: All respondents,HEADER C. USERSHIP,216
Table 548,QST11. ACTION AFTER AD - TB,Base: All respondents,HEADER D. MACROREGION X SEC,216
Table 549,QST11. ACTION AFTER AD - TB,Base: All respondents,HEADER A. GENERAL PROFILE - 1 WEEK PERIOD CUTS,216
Table 550,QST11. ACTION AFTER AD - TB,Base: All respondents,HEADER B. LOCALE AND MACROREGION - 1 WEEK PERIOD CUTS,216
Table 551,QST11. ACTION AFTER AD - TB,Base: All respondents,HEADER C. USERSHIP - 1 WEEK PERIOD CUTS,216
Table 552,QST11. ACTION AFTER AD - TB,Base: All respondents,HEADER D. MACROREGION X SEC - 1 WEEK PERIOD CUTS,216
Table 553,QST11. ACTION AFTER AD - TB,Base: Among aware of ad,HEADER A. GENERAL PROFILE,53
Table 554,QST11. ACTION AFTER AD - TB,Base: Among aware of ad,HEADER B. LOCALE AND MACROREGION,53
Table 555,QST11. ACTION AFTER AD - TB,Base: Among aware of ad,HEADER C. USERSHIP,53
Table 556,QST11. ACTION AFTER AD - TB,Base: Among aware of ad,HEADER D. MACROREGION X SEC,53
Table 557,QST11. ACTION AFTER AD - TB,Base: Among aware of ad,HEADER A. GENERAL PROFILE - 1 WEEK PERIOD CUTS,53
Table 558,QST11. ACTION AFTER AD - TB,Base: Among aware of ad,HEADER B. LOCALE AND MACROREGION - 1 WEEK PERIOD CUTS,53
Table 559,QST11. ACTION AFTER AD - TB,Base: Among aware of ad,HEADER C. USERSHIP - 1 WEEK PERIOD CUTS,53
Table 560,QST11. ACTION AFTER AD - TB,Base: Among aware of ad,HEADER D. MACROREGION X SEC - 1 WEEK PERIOD CUTS,53
Table 561,QST11. ACTION AFTER AD - TB,Base: Among not aware of ad,HEADER A. GENERAL PROFILE,142
Table 562,QST11. ACTION AFTER AD - TB,Base: Among not aware of ad,HEADER B. LOCALE AND MACROREGION,142
Table 563,QST11. ACTION AFTER AD - TB,Base: Among not aware of ad,HEADER C. USERSHIP,142
Table 564,QST11. ACTION AFTER AD - TB,Base: Among not aware of ad,HEADER D. MACROREGION X SEC,142
Table 565,QST11. ACTION AFTER AD - TB,Base: Among not aware of ad,HEADER A. GENERAL PROFILE - 1 WEEK PERIOD CUTS,142
Table 566,QST11. ACTION AFTER AD - TB,Base: Among not aware of ad,HEADER B. LOCALE AND MACROREGION - 1 WEEK PERIOD CUTS,142
Table 567,QST11. ACTION AFTER AD - TB,Base: Among not aware of ad,HEADER C. USERSHIP - 1 WEEK PERIOD CUTS,142
Table 568,QST11. ACTION AFTER AD - TB,Base: Among not aware of ad,HEADER D. MACROREGION X SEC - 1 WEEK PERIOD CUTS,142
Table 569,QST11. ACTION AFTER AD - T2B,Base: All respondents,HEADER A. GENERAL PROFILE,216
Table 570,QST11. ACTION AFTER AD - T2B,Base: All respondents,HEADER B. LOCALE AND MACROREGION,216
Table 571,QST11. ACTION AFTER AD - T2B,Base: All respondents,HEADER C. USERSHIP,216
Table 572,QST11. ACTION AFTER AD - T2B,Base: All respondents,HEADER D. MACROREGION X SEC,216
Table 573,QST11. ACTION AFTER AD - T2B,Base: All respondents,HEADER A. GENERAL PROFILE - 1 WEEK PERIOD CUTS,216
Table 574,QST11. ACTION AFTER AD - T2B,Base: All respondents,HEADER B. LOCALE AND MACROREGION - 1 WEEK PERIOD CUTS,216
Table 575,QST11. ACTION AFTER AD - T2B,Base: All respondents,HEADER C. USERSHIP - 1 WEEK PERIOD CUTS,216
Table 576,QST11. ACTION AFTER AD - T2B,Base: All respondents,HEADER D. MACROREGION X SEC - 1 WEEK PERIOD CUTS,216
Table 577,QST11. ACTION AFTER AD - T2B,Base: Among aware of ad,HEADER A. GENERAL PROFILE,53
Table 578,QST11. ACTION AFTER AD - T2B,Base: Among aware of ad,HEADER B. LOCALE AND MACROREGION,53
Table 579,QST11. ACTION AFTER AD - T2B,Base: Among aware of ad,HEADER C. USERSHIP,53
Table 580,QST11. ACTION AFTER AD - T2B,Base: Among aware of ad,HEADER D. MACROREGION X SEC,53
Table 581,QST11. ACTION AFTER AD - T2B,Base: Among aware of ad,HEADER A. GENERAL PROFILE - 1 WEEK PERIOD CUTS,53
Table 582,QST11. ACTION AFTER AD - T2B,Base: Among aware of ad,HEADER B. LOCALE AND MACROREGION - 1 WEEK PERIOD CUTS,53
Table 583,QST11. ACTION AFTER AD - T2B,Base: Among aware of ad,HEADER C. USERSHIP - 1 WEEK PERIOD CUTS,53
Table 584,QST11. ACTION AFTER AD - T2B,Base: Among aware of ad,HEADER D. MACROREGION X SEC - 1 WEEK PERIOD CUTS,53
Table 585,QST11. ACTION AFTER AD - T2B,Base: Among not aware of ad,HEADER A. GENERAL PROFILE,142
Table 586,QST11. ACTION AFTER AD - T2B,Base: Among not aware of ad,HEADER B. LOCALE AND MACROREGION,142
Table 587,QST11. ACTION AFTER AD - T2B,Base: Among not aware of ad,HEADER C. USERSHIP,142
Table 588,QST11. ACTION AFTER AD - T2B,Base: Among not aware of ad,HEADER D. MACROREGION X SEC,142
Table 589,QST11. ACTION AFTER AD - T2B,Base: Among not aware of ad,HEADER A. GENERAL PROFILE - 1 WEEK PERIOD CUTS,142
Table 590,QST11. ACTION AFTER AD - T2B,Base: Among not aware of ad,HEADER B. LOCALE AND MACROREGION - 1 WEEK PERIOD CUTS,142
Table 591,QST11. ACTION AFTER AD - T2B,Base: Among not aware of ad,HEADER C. USERSHIP - 1 WEEK PERIOD CUTS,142
Table 592,QST11. ACTION AFTER AD - T2B,Base: Among not aware of ad,HEADER D. MACROREGION X SEC - 1 WEEK PERIOD CUTS,142
Table 593,QST12. AD EVALUATION METRICS,Base: All respondents,HEADER A. GENERAL PROFILE,216
Table 601,QST12. AD EVALUATION METRICS,Base: All respondents,HEADER B. LOCALE AND MACROREGION,216
Table 609,QST12. AD EVALUATION METRICS,Base: All respondents,HEADER C. USERSHIP,216
Table 617,QST12. AD EVALUATION METRICS,Base: All respondents,HEADER D. MACROREGION X SEC,216
Table 625,QST12. AD EVALUATION METRICS,Base: All respondents,HEADER A. GENERAL PROFILE - 1 WEEK PERIOD CUTS,216
Table 633,QST12. AD EVALUATION METRICS,Base: All respondents,HEADER B. LOCALE AND MACROREGION - 1 WEEK PERIOD CUTS,216
Table 641,QST12. AD EVALUATION METRICS,Base: All respondents,HEADER C. USERSHIP - 1 WEEK PERIOD CUTS,216
Table 649,QST12. AD EVALUATION METRICS,Base: All respondents,HEADER D. MACROREGION X SEC - 1 WEEK PERIOD CUTS,216
Table 657,QST12. AD EVALUATION METRICS,Base: Among aware of ad,HEADER A. GENERAL PROFILE,53
Table 665,QST12. AD EVALUATION METRICS,Base: Among aware of ad,HEADER B. LOCALE AND MACROREGION,53
Table 673,QST12. AD EVALUATION METRICS,Base: Among aware of ad,HEADER C. USERSHIP,53
Table 681,QST12. AD EVALUATION METRICS,Base: Among aware of ad,HEADER D. MACROREGION X SEC,53
Table 689,QST12. AD EVALUATION METRICS,Base: Among aware of ad,HEADER A. GENERAL PROFILE - 1 WEEK PERIOD CUTS,53
Table 697,QST12. AD EVALUATION METRICS,Base: Among aware of ad,HEADER B. LOCALE AND MACROREGION - 1 WEEK PERIOD CUTS,53
Table 705,QST12. AD EVALUATION METRICS,Base: Among aware of ad,HEADER C. USERSHIP - 1 WEEK PERIOD CUTS,53
Table 713,QST12. AD EVALUATION METRICS,Base: Among aware of ad,HEADER D. MACROREGION X SEC - 1 WEEK PERIOD CUTS,53
Table 721,QST12. AD EVALUATION METRICS,Base: Among not aware of ad,HEADER A. GENERAL PROFILE,142
Table 729,QST12. AD EVALUATION METRICS,Base: Among not aware of ad,HEADER B. LOCALE AND MACROREGION,142
Table 737,QST12. AD EVALUATION METRICS,Base: Among not aware of ad,HEADER C. USERSHIP,142
Table 745,QST12. AD EVALUATION METRICS,Base: Among not aware of ad,HEADER D. MACROREGION X SEC,142
Table 753,QST12. AD EVALUATION METRICS,Base: Among not aware of ad,HEADER A. GENERAL PROFILE - 1 WEEK PERIOD CUTS,142
Table 761,QST12. AD EVALUATION METRICS,Base: Among not aware of ad,HEADER B. LOCALE AND MACROREGION - 1 WEEK PERIOD CUTS,142
Table 769,QST12. AD EVALUATION METRICS,Base: Among not aware of ad,HEADER C. USERSHIP - 1 WEEK PERIOD CUTS,142
Table 777,QST12. AD EVALUATION METRICS,Base: Among not aware of ad,HEADER D. MACROREGION X SEC - 1 WEEK PERIOD CUTS,142
Table 785,QST12. AD EVALUATION METRICS - TB,Base: All respondents,HEADER A. GENERAL PROFILE,216
Table 786,QST12. AD EVALUATION METRICS - TB,Base: All respondents,HEADER B. LOCALE AND MACROREGION,216
Table 787,QST12. AD EVALUATION METRICS - TB,Base: All respondents,HEADER C. USERSHIP,216
Table 788,QST12. AD EVALUATION METRICS - TB,Base: All respondents,HEADER D. MACROREGION X SEC,216
Table 789,QST12. AD EVALUATION METRICS - TB,Base: All respondents,HEADER A. GENERAL PROFILE - 1 WEEK PERIOD CUTS,216
Table 790,QST12. AD EVALUATION METRICS - TB,Base: All respondents,HEADER B. LOCALE AND MACROREGION - 1 WEEK PERIOD CUTS,216
Table 791,QST12. AD EVALUATION METRICS - TB,Base: All respondents,HEADER C. USERSHIP - 1 WEEK PERIOD CUTS,216
Table 792,QST12. AD EVALUATION METRICS - TB,Base: All respondents,HEADER D. MACROREGION X SEC - 1 WEEK PERIOD CUTS,216
Table 793,QST12. AD EVALUATION METRICS - TB,Base: Among aware of ad,HEADER A. GENERAL PROFILE,53
Table 794,QST12. AD EVALUATION METRICS - TB,Base: Among aware of ad,HEADER B. LOCALE AND MACROREGION,53
Table 795,QST12. AD EVALUATION METRICS - TB,Base: Among aware of ad,HEADER C. USERSHIP,53
Table 796,QST12. AD EVALUATION METRICS - TB,Base: Among aware of ad,HEADER D. MACROREGION X SEC,53
Table 797,QST12. AD EVALUATION METRICS - TB,Base: Among aware of ad,HEADER A. GENERAL PROFILE - 1 WEEK PERIOD CUTS,53
Table 798,QST12. AD EVALUATION METRICS - TB,Base: Among aware of ad,HEADER B. LOCALE AND MACROREGION - 1 WEEK PERIOD CUTS,53
Table 799,QST12. AD EVALUATION METRICS - TB,Base: Among aware of ad,HEADER C. USERSHIP - 1 WEEK PERIOD CUTS,53
Table 800,QST12. AD EVALUATION METRICS - TB,Base: Among aware of ad,HEADER D. MACROREGION X SEC - 1 WEEK PERIOD CUTS,53
Table 801,QST12. AD EVALUATION METRICS - TB,Base: Among not aware of ad,HEADER A. GENERAL PROFILE,142
Table 802,QST12. AD EVALUATION METRICS - TB,Base: Among not aware of ad,HEADER B. LOCALE AND MACROREGION,142
Table 803,QST12. AD EVALUATION METRICS - TB,Base: Among not aware of ad,HEADER C. USERSHIP,142
Table 804,QST12. AD EVALUATION METRICS - TB,Base: Among not aware of ad,HEADER D. MACROREGION X SEC,142
Table 805,QST12. AD EVALUATION METRICS - TB,Base: Among not aware of ad,HEADER A. GENERAL PROFILE - 1 WEEK PERIOD CUTS,142
Table 806,QST12. AD EVALUATION METRICS - TB,Base: Among not aware of ad,HEADER B. LOCALE AND MACROREGION - 1 WEEK PERIOD CUTS,142
Table 807,QST12. AD EVALUATION METRICS - TB,Base: Among not aware of ad,HEADER C. USERSHIP - 1 WEEK PERIOD CUTS,142
Table 808,QST12. AD EVALUATION METRICS - TB,Base: Among not aware of ad,HEADER D. MACROREGION X SEC - 1 WEEK PERIOD CUTS,142
Table 809,QST12. AD EVALUATION METRICS - T2B,Base: All respondents,HEADER A. GENERAL PROFILE,216
Table 810,QST12. AD EVALUATION METRICS - T2B,Base: All respondents,HEADER B. LOCALE AND MACROREGION,216
Table 811,QST12. AD EVALUATION METRICS - T2B,Base: All respondents,HEADER C. USERSHIP,216
Table 812,QST12. AD EVALUATION METRICS - T2B,Base: All respondents,HEADER D. MACROREGION X SEC,216
Table 813,QST12. AD EVALUATION METRICS - T2B,Base: All respondents,HEADER A. GENERAL PROFILE - 1 WEEK PERIOD CUTS,216
Table 814,QST12. AD EVALUATION METRICS - T2B,Base: All respondents,HEADER B. LOCALE AND MACROREGION - 1 WEEK PERIOD CUTS,216
Table 815,QST12. AD EVALUATION METRICS - T2B,Base: All respondents,HEADER C. USERSHIP - 1 WEEK PERIOD CUTS,216
Table 816,QST12. AD EVALUATION METRICS - T2B,Base: All respondents,HEADER D. MACROREGION X SEC - 1 WEEK PERIOD CUTS,216
Table 817,QST12. AD EVALUATION METRICS - T2B,Base: Among aware of ad,HEADER A. GENERAL PROFILE,53
Table 818,QST12. AD EVALUATION METRICS - T2B,Base: Among aware of ad,HEADER B. LOCALE AND MACROREGION,53
Table 819,QST12. AD EVALUATION METRICS - T2B,Base: Among aware of ad,HEADER C. USERSHIP,53
Table 820,QST12. AD EVALUATION METRICS - T2B,Base: Among aware of ad,HEADER D. MACROREGION X SEC,53
Table 821,QST12. AD EVALUATION METRICS - T2B,Base: Among aware of ad,HEADER A. GENERAL PROFILE - 1 WEEK PERIOD CUTS,53
Table 822,QST12. AD EVALUATION METRICS - T2B,Base: Among aware of ad,HEADER B. LOCALE AND MACROREGION - 1 WEEK PERIOD CUTS,53
Table 823,QST12. AD EVALUATION METRICS - T2B,Base: Among aware of ad,HEADER C. USERSHIP - 1 WEEK PERIOD CUTS,53
Table 824,QST12. AD EVALUATION METRICS - T2B,Base: Among aware of ad,HEADER D. MACROREGION X SEC - 1 WEEK PERIOD CUTS,53
Table 825,QST12. AD EVALUATION METRICS - T2B,Base: Among not aware of ad,HEADER A. GENERAL PROFILE,142
Table 826,QST12. AD EVALUATION METRICS - T2B,Base: Among not aware of ad,HEADER B. LOCALE AND MACROREGION,142
Table 827,QST12. AD EVALUATION METRICS - T2B,Base: Among not aware of ad,HEADER C. USERSHIP,142
Table 828,QST12. AD EVALUATION METRICS - T2B,Base: Among not aware of ad,HEADER D. MACROREGION X SEC,142
Table 829,QST12. AD EVALUATION METRICS - T2B,Base: Among not aware of ad,HEADER A. GENERAL PROFILE - 1 WEEK PERIOD CUTS,142
Table 830,QST12. AD EVALUATION METRICS - T2B,Base: Among not aware of ad,HEADER B. LOCALE AND MACROREGION - 1 WEEK PERIOD CUTS,142
Table 831,QST12. AD EVALUATION METRICS - T2B,Base: Among not aware of ad,HEADER C. USERSHIP - 1 WEEK PERIOD CUTS,142
Table 832,QST12. AD EVALUATION METRICS - T2B,Base: Among not aware of ad,HEADER D. MACROREGION X SEC - 1 WEEK PERIOD CUTS,142
